,venta_id,first_name,last_name,book_id,cuantos_libros,ip_address,ccn3(Codigo_pais)
0,1,Charita,Fain,bk103,2,50.66.62.43,276.0
1,2,Issi,Laxe,bk101,4,27.8.160.236,276.0
2,3,Tiffie,Tyler,bk103,4,72.193.238.62,276.0
3,4,Trudy,Sonier,bk102,3,156.181.220.210,276.0
4,5,Reinald,Fenck,bk106,1,32.200.203.204,276.0
5,6,Sigvard,Blackbourn,bk102,3,103.131.15.98,276.0
6,7,Chic,Glayzer,bk107,1,202.255.102.50,276.0
7,8,Doe,Stobbart,bk101,2,229.198.7.120,276.0
8,9,Ollie,Gheerhaert,bk103,3,129.50.121.220,276.0
9,10,Blake,Wyleman,bk112,5,92.42.197.41,276.0
10,11,Gerardo,Massel,bk102,3,40.99.212.235,276.0
11,12,Barby,Diggens,bk102,5,242.53.115.157,276.0
12,13,Cross,Lawrey,bk108,1,71.197.145.236,276.0
13,14,Nappie,Corradino,bk107,3,138.117.48.142,276.0
14,15,Yvonne,Custance,bk104,1,156.5.187.138,276.0
15,16,Sharity,Lockey,bk101,4,201.156.253.139,276.0
16,17,Garry,Dungay,bk104,5,80.8.62.16,276.0
17,18,Vincenz,Moran,bk103,1,98.235.99.24,276.0
18,19,Nettie,O'Clery,bk110,4,179.177.86.150,276.0
19,20,Mathilde,Caccavari,bk104,3,135.180.43.243,276.0
20,21,Leia,Tellenbrok,bk108,2,110.76.152.143,276.0
21,22,Khalil,Glede,bk111,3,82.220.112.252,276.0
22,23,Phineas,Loton,bk107,4,84.33.20.230,276.0
23,24,Matthaeus,Chell,bk103,1,92.163.245.226,276.0
24,25,Bogey,Tickner,bk107,4,254.170.171.174,276.0
25,26,Terry,Everest,bk104,4,120.242.219.230,276.0
26,27,Cynde,Bertin,bk104,3,163.214.248.164,276.0
27,28,Hertha,Weathers,bk107,5,234.100.86.199,276.0
28,29,Sheffield,Liquorish,bk112,3,135.67.230.111,276.0
29,30,Maura,Rousell,bk104,4,73.171.132.210,276.0
30,31,Noelyn,Billie,bk101,1,189.165.42.129,276.0
31,32,Almire,Dorwood,bk106,3,240.101.216.165,276.0
32,33,Sigismund,Fipp,bk103,3,24.154.159.189,276.0
33,34,Drusi,Antonio,bk103,3,197.60.239.12,276.0
34,35,Didi,Dominy,bk111,2,27.171.227.126,276.0
35,36,Bartholomeo,Sainsbury-Brown,bk111,4,201.164.131.13,276.0
36,37,Bud,Vynarde,bk112,5,225.33.2.113,276.0
37,38,Annemarie,Hinnerk,bk106,2,129.168.54.117,276.0
38,39,Cherilynn,Ameer-Beg,bk104,3,134.7.1.255,276.0
39,40,Rainer,O'Hanley,bk108,4,38.245.122.120,276.0
40,41,Gillie,Tesoe,bk103,5,62.212.139.191,276.0
41,42,Jaynell,Ingledow,bk112,2,122.221.123.128,276.0
42,43,Ina,Maghull,bk103,4,136.136.238.152,276.0
43,44,Jimmy,Barton,bk107,2,144.162.106.45,276.0
44,45,Desmund,Doale,bk107,1,90.41.92.43,276.0
45,46,Carey,Springthorp,bk109,5,156.72.130.24,276.0
46,47,Harry,Wimlett,bk108,1,98.131.97.127,276.0
47,48,Faye,Bengochea,bk104,5,91.108.38.184,276.0
48,49,Theda,Fiorentino,bk110,4,97.133.100.120,276.0
49,50,Nert,Brasted,bk111,2,218.41.253.83,276.0
50,51,Johann,Bamfield,bk111,4,40.219.103.13,
51,52,Stuart,Hurton,bk106,1,112.245.87.11,
52,53,Eamon,Albers,bk102,2,194.163.2.187,
53,54,Cheryl,Coulthurst,bk107,5,201.167.177.26,276.0
54,55,Dore,Kimmitt,bk103,3,69.97.52.164,276.0
55,56,Andeee,Murty,bk101,3,78.76.17.84,276.0
56,57,Abba,Pumphrey,bk111,5,103.47.46.90,276.0
57,58,Gilbert,Farlow,bk111,4,208.83.48.112,276.0
58,59,Berton,Bengtsen,bk107,1,77.17.119.26,276.0
59,60,Zoe,Eede,bk107,5,102.19.16.7,276.0
60,61,Florella,Slevin,bk107,1,159.41.98.248,276.0
61,62,Rockwell,Burds,bk109,4,83.141.129.155,276.0
62,63,Neda,Pendrigh,bk101,1,199.240.214.106,276.0
63,64,Annissa,Breadmore,bk106,1,11.135.206.246,276.0
64,65,Cymbre,Mell,bk106,1,80.218.68.184,276.0
65,66,Kai,Pallister,bk107,1,221.103.172.246,276.0
66,67,Valina,Blackstone,bk104,5,182.225.6.114,276.0
67,68,Sheila,Forster,bk107,1,190.231.149.230,276.0
68,69,Tabbi,Pyper,bk102,5,200.136.4.29,276.0
69,70,Shirl,Janota,bk101,1,23.70.38.240,276.0
70,71,Perren,Prescote,bk109,4,57.38.211.86,276.0
71,72,Mirella,Vidloc,bk107,4,255.224.129.154,276.0
72,73,Richmound,Vlach,bk112,1,222.178.166.61,276.0
73,74,Loreen,Dat,bk110,3,123.163.0.106,276.0
74,75,Alejandrina,Lurcock,bk112,1,47.83.83.75,276.0
75,76,Rory,Dovydenas,bk108,1,128.75.192.217,276.0
76,77,Stacy,Clitsome,bk110,1,10.239.7.202,276.0
77,78,Harriet,Prestie,bk111,1,241.30.234.233,276.0
78,79,Jolie,Starten,bk104,1,161.103.6.253,276.0
79,80,Ula,MacMurray,bk104,3,192.7.228.188,276.0
80,81,Carolyne,Sketh,bk102,1,60.130.230.141,276.0
81,82,Hendrika,Burril,bk109,2,190.95.201.12,276.0
82,83,Abbye,Truce,bk110,4,213.77.113.220,276.0
83,84,Pepita,Yglesia,bk108,3,145.244.120.98,276.0
84,85,Levy,Duffield,bk110,1,221.200.143.202,276.0
85,86,Aubrey,Kilfether,bk111,2,121.175.244.63,276.0
86,87,Donny,Coaker,bk109,2,204.126.100.210,276.0
87,88,Charlotta,Windebank,bk104,3,208.182.151.210,276.0
88,89,Teodoro,Capewell,bk104,3,17.253.104.242,276.0
89,90,Shae,Shires,bk108,1,203.48.214.4,276.0
90,91,Tuckie,Hadkins,bk103,5,178.125.63.118,276.0
91,92,Grissel,Baumaier,bk103,2,216.139.110.41,276.0
92,93,Kat,Glenny,bk101,3,118.47.6.131,276.0
93,94,Lorry,Vawton,bk102,3,201.247.112.117,276.0
94,95,Minda,Tarquinio,bk106,5,40.255.243.88,276.0
95,96,Elayne,Boanas,bk108,4,50.211.127.53,276.0
96,97,Onfre,Cristofolini,bk102,2,224.183.228.117,276.0
97,98,Rahel,Abell,bk103,2,206.148.90.161,276.0
98,99,Batholomew,Morling,bk106,2,74.131.224.77,276.0
99,100,Burty,Gruszczak,bk111,4,219.54.152.37,276.0
100,101,Toby,Dioniso,bk101,3,166.5.73.237,276.0
101,102,Kaine,Petts,bk112,1,200.161.4.141,840.0
102,103,Cecilius,Brisset,bk104,5,46.93.75.109,840.0
103,104,Carney,Readie,bk106,3,253.20.152.188,840.0
104,105,Aggie,Delacote,bk103,4,128.84.105.111,840.0
105,106,Janelle,Delaney,bk104,1,96.198.77.199,840.0
106,107,Luella,Whitlam,bk108,5,70.250.195.150,840.0
107,108,Carroll,Benton,bk103,3,4.222.80.60,840.0
108,109,Wilma,Avrasin,bk111,4,5.26.130.186,840.0
109,110,Finley,Hedgeman,bk112,1,157.97.16.141,840.0
110,111,Mike,Grieveson,bk102,1,204.15.16.115,840.0
111,112,Xavier,Tew,bk111,2,0.202.95.194,840.0
112,113,Ddene,Sedgeman,bk104,4,117.129.201.238,840.0
113,114,Minne,Jagiello,bk101,4,83.221.223.246,840.0
114,115,Sol,Petris,bk104,4,46.91.126.116,840.0
115,116,Leonardo,Dyhouse,bk108,2,255.233.138.150,840.0
116,117,Kathrine,Arangy,bk103,3,243.181.248.73,840.0
117,118,Dale,Moline,bk103,5,18.19.158.144,840.0
118,119,Camey,Tapson,bk112,4,147.112.232.233,840.0
119,120,Carolann,Rawkesby,bk111,2,98.55.12.84,840.0
120,121,Dorie,Scollick,bk108,2,242.167.204.202,840.0
121,122,Adelbert,Streader,bk110,5,165.0.57.249,840.0
122,123,Harper,Faulo,bk102,1,7.232.133.223,840.0
123,124,Pamelina,Zolini,bk103,4,162.43.243.215,840.0
124,125,Rafaela,Kliesl,bk101,5,6.25.218.122,840.0
125,126,Slade,Clohisey,bk109,4,204.124.79.129,840.0
126,127,Alley,Karby,bk104,2,15.63.64.123,840.0
127,128,Adara,Caltera,bk112,2,126.20.121.184,840.0
128,129,Merwyn,Codeman,bk102,2,205.252.136.135,840.0
129,130,Zita,Di Baudi,bk102,5,17.253.159.255,840.0
130,131,Keri,Peres,bk111,5,108.22.7.119,840.0
131,132,Broderic,Widdall,bk101,3,50.250.56.26,840.0
132,133,Matt,Walkley,bk109,3,105.16.192.94,840.0
133,134,Anatole,Goodhand,bk102,2,99.148.104.49,840.0
134,135,Rorie,Dwyer,bk110,3,30.102.29.39,840.0
135,136,Joete,Cordey,bk104,2,172.64.191.161,840.0
136,137,Colman,Ochiltree,bk104,3,231.61.105.80,840.0
137,138,Decca,Blaver,bk111,1,65.73.95.189,840.0
138,139,Sarette,Jacquet,bk102,3,27.145.204.135,840.0
139,140,Nanette,Kelloch,bk107,4,245.12.98.201,840.0
140,141,Tamara,Greggs,bk107,3,38.148.211.180,840.0
141,142,Guinevere,Jaqueme,bk111,4,115.183.106.171,840.0
142,143,Shayne,Willcock,bk104,4,240.169.215.13,840.0
143,144,Jackie,Caught,bk108,2,147.246.137.253,840.0
144,145,Sabra,Pearcy,bk103,4,201.33.9.72,840.0
145,146,Morganne,Crossfield,bk110,4,170.158.123.205,840.0
146,147,Moise,Rahlof,bk107,3,233.3.254.23,840.0
147,148,Evangelina,Dillingham,bk107,1,117.187.136.166,840.0
148,149,Andrea,Mewrcik,bk106,4,125.39.50.20,840.0
149,150,Martin,Schultes,bk108,5,86.30.130.150,840.0
150,151,Maura,Bambrough,bk104,1,178.50.154.122,840.0
151,152,Blaine,Ybarra,bk106,3,250.59.245.79,840.0
152,153,Gustie,Worling,bk110,4,190.53.211.192,840.0
153,154,Kimberley,Glendza,bk107,4,157.182.204.111,840.0
154,155,Janek,Garaway,bk112,3,237.45.232.138,840.0
155,156,Egon,Simkovich,bk111,2,164.60.200.23,840.0
156,157,Eldon,Carnaman,bk107,1,244.7.138.4,840.0
157,158,Laurene,Clelland,bk107,1,191.18.12.174,840.0
158,159,Elie,Albasiny,bk112,3,10.27.45.153,840.0
159,160,Amil,Spaxman,bk108,4,163.189.225.91,840.0
160,161,Clayton,Aspden,bk101,5,86.42.110.219,840.0
161,162,Chrisy,Boeter,bk103,3,78.2.126.235,840.0
162,163,Kassie,Langan,bk103,4,2.117.220.109,840.0
163,164,Idelle,Maxwell,bk110,2,34.252.252.107,840.0
164,165,Kristi,Mars,bk102,2,199.70.153.27,840.0
165,166,Ailyn,Schruur,bk110,2,178.195.209.205,840.0
166,167,Bridget,Di Francecshi,bk109,5,143.15.255.8,840.0
167,168,Shoshanna,Pointin,bk106,4,202.93.50.91,840.0
168,169,Dud,Halt,bk103,2,63.90.121.24,840.0
169,170,Kylynn,Maffy,bk110,3,112.220.81.160,840.0
170,171,Maud,Inkpen,bk111,3,220.202.249.235,840.0
171,172,Renell,Matuszyk,bk102,4,137.212.123.61,840.0
172,173,Rodina,Flatt,bk107,5,194.177.184.117,840.0
173,174,Emmalynne,Hunday,bk104,2,202.77.147.82,840.0
174,175,Garrek,Rumbelow,bk111,4,153.38.172.86,840.0
175,176,Gaspar,Cuttin,bk106,2,42.181.227.168,840.0
176,177,Agnola,Limer,bk101,2,117.196.165.205,840.0
177,178,Elnora,Moxson,bk112,3,17.128.205.2,840.0
178,179,Jerry,Pepon,bk109,3,165.202.232.43,840.0
179,180,Almeda,O'Growgane,bk110,2,178.44.150.6,840.0
180,181,Renado,Odgers,bk104,2,212.161.179.10,840.0
181,182,Gaven,Greenmon,bk109,3,32.234.252.198,840.0
182,183,Robinet,Sames,bk103,4,79.202.51.232,840.0
183,184,Powell,Smails,bk107,5,193.216.161.251,840.0
184,185,Auguste,Scaice,bk109,3,179.107.123.152,840.0
185,186,Kristina,Shepard,bk110,1,43.172.108.211,840.0
186,187,Shelby,Abrey,bk109,1,207.174.210.216,840.0
187,188,Marcelle,Tolossi,bk106,3,158.84.129.113,840.0
188,189,Jakob,Toplis,bk103,2,188.111.209.150,840.0
189,190,Salvador,Twelve,bk106,4,161.22.87.250,840.0
190,191,Kimmi,Lamprecht,bk103,3,249.104.12.69,840.0
191,192,Brigitte,Jeynes,bk102,1,93.158.75.127,840.0
192,193,Pancho,Walworth,bk109,3,126.87.112.173,840.0
193,194,Terri-jo,Feyer,bk111,5,241.47.239.139,840.0
194,195,Chelsae,Ioannou,bk106,4,187.78.40.246,840.0
195,196,Domenico,Guillart,bk107,2,126.186.239.121,840.0
196,197,Mirelle,Stanyland,bk110,3,130.149.77.252,840.0
197,198,Margaux,Scurrer,bk103,1,46.139.156.65,840.0
198,199,Aland,Vassel,bk101,3,35.115.40.132,840.0
199,200,Brandice,Sunter,bk102,4,45.145.154.41,840.0
200,201,Ivett,D'Onisi,bk110,1,167.136.58.85,840.0
201,202,Claudius,Ormond,bk112,2,53.63.223.7,840.0
202,203,Joe,Bellhouse,bk110,3,136.212.135.168,840.0
203,204,Dexter,Vergo,bk109,2,125.156.163.169,840.0
204,205,Jo-ann,Clewarth,bk112,2,83.15.156.42,840.0
205,206,Traver,Epinay,bk111,1,78.38.138.216,840.0
206,207,Johna,Foli,bk106,3,44.169.214.25,840.0
207,208,Tammara,Rate,bk104,1,221.248.117.175,840.0
208,209,Ysabel,Power,bk102,4,220.29.232.85,840.0
209,210,Joycelin,Dumingos,bk112,1,140.21.105.159,840.0
210,211,Nefen,Doggerell,bk107,5,165.194.38.183,840.0
211,212,Sibeal,Willoughley,bk110,5,27.251.187.121,840.0
212,213,Margie,Helliker,bk108,3,237.88.73.170,840.0
213,214,Rosette,Johnsey,bk104,5,180.119.250.34,840.0
214,215,Nanon,Bargery,bk103,3,177.123.229.1,840.0
215,216,Kym,Dunthorne,bk112,3,230.222.94.223,840.0
216,217,Darnall,Wellington,bk104,1,95.185.58.167,840.0
217,218,Malina,Foresight,bk101,3,195.106.183.6,840.0
218,219,Gay,Martinson,bk109,5,161.90.125.167,840.0
219,220,Odelia,Sewill,bk111,1,165.153.188.7,840.0
220,221,Antonetta,Carlsson,bk106,1,202.118.85.196,840.0
221,222,Marcellus,Duerden,bk112,3,31.241.244.229,840.0
222,223,Clemmie,Linge,bk107,3,213.145.230.165,840.0
223,224,Gherardo,Woodstock,bk104,1,88.40.23.210,840.0
224,225,Lynn,Scrase,bk106,2,136.243.137.235,840.0
225,226,Moises,Morgan,bk109,1,90.28.141.242,840.0
226,227,Joelie,Menichini,bk109,3,205.184.8.37,840.0
227,228,Mufinella,Marflitt,bk106,3,247.109.86.98,840.0
228,229,Joell,Woolland,bk102,1,181.96.210.39,840.0
229,230,Chloris,Marques,bk107,1,83.175.143.200,840.0
230,231,Edyth,Troake,bk109,4,85.101.234.128,840.0
231,232,Francisco,Hasker,bk102,5,112.228.128.219,840.0
232,233,Ari,Rugieri,bk110,3,196.253.159.184,840.0
233,234,Nelly,Clew,bk102,1,249.172.201.142,840.0
234,235,Welch,Bedells,bk112,5,138.186.116.243,840.0
235,236,Melisent,Josephoff,bk112,3,187.0.50.44,840.0
236,237,Aubree,Undy,bk104,5,31.164.36.94,840.0
237,238,Angele,Philimore,bk110,1,55.103.202.140,840.0
238,239,Babbie,Espinho,bk106,1,124.87.85.81,840.0
239,240,Jennilee,Mold,bk112,4,60.236.173.116,840.0
240,241,Ingunna,Brewin,bk101,4,176.197.30.79,840.0
241,242,Scot,Hicken,bk101,3,247.239.76.110,840.0
242,243,Juliane,Dray,bk106,5,22.194.1.40,840.0
243,244,Georgeanna,Roomes,bk107,3,253.13.29.131,840.0
244,245,Luisa,Djurevic,bk109,1,182.122.100.129,840.0
245,246,Sela,Greiser,bk103,2,84.145.172.24,840.0
246,247,Robinet,Carlesso,bk103,4,197.197.113.224,840.0
247,248,Rachel,Elce,bk101,1,130.170.96.47,840.0
248,249,Jeff,Cronkshaw,bk103,1,254.69.17.17,840.0
249,250,Cilka,Hartly,bk103,4,44.81.75.212,840.0
250,251,Hugo,Pulley,bk108,4,104.249.117.2,840.0
251,252,Hymie,Di Dello,bk108,4,30.61.61.90,840.0
252,253,Ursula,Denacamp,bk110,5,61.189.210.178,840.0
253,254,Kendre,Wethered,bk110,4,119.58.215.173,840.0
254,255,Hamil,Johannesson,bk107,2,153.35.163.31,840.0
255,256,Grazia,Garton,bk112,5,100.212.98.75,840.0
256,257,Nissy,Harlow,bk112,2,84.193.244.233,840.0
257,258,Desiri,Lere,bk102,5,41.35.106.28,840.0
258,259,Marlo,Gaize,bk111,1,26.28.94.113,840.0
259,260,Jonell,Gandley,bk110,3,74.205.154.176,840.0
260,261,Johny,Hattersley,bk111,2,184.132.12.222,840.0
261,262,Willem,Toop,bk103,5,250.34.151.86,840.0
262,263,Brandtr,Braddon,bk101,3,41.18.208.50,840.0
263,264,Win,Dutnell,bk106,4,64.245.235.177,840.0
264,265,Diann,Dominighi,bk102,4,161.76.222.28,840.0
265,266,Roxy,Simpole,bk109,1,50.106.75.113,840.0
266,267,Langston,Chelam,bk110,2,47.119.112.219,840.0
267,268,El,Attrey,bk106,1,226.250.39.220,840.0
268,269,Carmela,Deguara,bk109,2,47.200.4.228,840.0
269,270,Lorne,Shoulder,bk110,4,4.139.9.17,840.0
270,271,Toiboid,Pendrey,bk107,3,178.218.242.104,840.0
271,272,Thorn,Minico,bk112,4,102.20.242.104,840.0
272,273,Willi,Arr,bk109,1,55.221.73.131,840.0
273,274,Meir,Witherop,bk108,5,250.124.233.170,840.0
274,275,Craig,Ricardin,bk101,2,49.52.137.142,840.0
275,276,Woody,Tuffin,bk112,2,93.242.127.216,840.0
276,277,Ruthy,McCray,bk109,4,178.61.133.69,840.0
277,278,Marcile,Ohanessian,bk111,1,142.52.160.205,840.0
278,279,Ingeberg,Shawel,bk109,3,182.78.110.202,840.0
279,280,Timothee,Reay,bk101,5,55.36.0.231,840.0
280,281,Yorke,Ussher,bk106,1,62.205.119.151,840.0
281,282,Malinde,Alastair,bk110,2,156.49.145.92,840.0
282,283,Karim,Dron,bk111,4,79.62.160.199,840.0
283,284,Terencio,Mattocks,bk106,3,247.132.242.38,840.0
284,285,Darbee,Guerrieri,bk110,4,150.51.7.174,840.0
285,286,Burk,Clowton,bk108,3,161.16.244.71,840.0
286,287,Barthel,de Villier,bk112,4,18.8.197.89,840.0
287,288,Rosy,Laxtonne,bk102,5,81.36.227.109,840.0
288,289,Averyl,Carpmile,bk109,2,158.138.95.68,840.0
289,290,Tito,Cribbott,bk101,4,233.100.149.111,840.0
290,291,Effie,Schaffler,bk107,3,218.205.19.53,840.0
291,292,Gaile,Oherlihy,bk106,3,201.195.147.26,840.0
292,293,Audrie,Raddan,bk107,3,210.233.23.140,840.0
293,294,Gussie,Stoltz,bk112,4,246.63.194.139,840.0
294,295,Madalyn,Getty,bk108,5,177.233.195.234,840.0
295,296,Kermy,Disdel,bk102,5,94.4.74.89,840.0
296,297,Verile,Lanchester,bk112,5,107.120.152.95,840.0
297,298,Ingunna,Goldring,bk107,1,66.148.33.131,840.0
298,299,Ward,Musk,bk112,2,86.65.60.216,840.0
299,300,Natalina,Oulett,bk102,2,103.240.126.247,840.0
300,301,Cathe,Hugli,bk104,1,179.121.99.53,840.0
301,302,Levin,Glanders,bk111,5,79.116.70.205,840.0
302,303,Homer,Macieiczyk,bk101,5,98.137.174.203,840.0
303,304,Filip,Casillis,bk101,3,195.208.121.188,840.0
304,305,Filippo,Choak,bk103,1,34.58.50.96,840.0
305,306,Raphaela,Fellibrand,bk109,1,17.17.86.14,840.0
306,307,Briant,Butt,bk104,4,94.165.0.180,840.0
307,308,Luce,Behagg,bk101,3,86.234.25.170,840.0
308,309,Ennis,Hallihane,bk104,4,99.69.152.248,840.0
309,310,Charlton,Tomlins,bk106,2,135.239.1.206,840.0
310,311,Orly,Scarbarrow,bk107,3,50.72.46.47,840.0
311,312,Sutherlan,Schutze,bk102,4,149.244.139.125,840.0
312,313,Wit,Medforth,bk112,1,116.125.133.75,840.0
313,314,Siana,Hackworth,bk111,4,147.203.127.229,840.0
314,315,Caressa,MacMeekan,bk112,2,220.244.148.24,840.0
315,316,Florence,Handley,bk106,3,28.113.61.6,840.0
316,317,Cirillo,Davidof,bk103,2,14.79.190.210,840.0
317,318,Clayton,Kettel,bk102,2,153.231.28.106,840.0
318,319,Maddalena,Raeburn,bk108,5,125.204.30.140,840.0
319,320,Nathanael,Staddon,bk101,2,219.15.223.77,840.0
320,321,Colene,Kalinovich,bk110,2,62.194.117.78,840.0
321,322,Karie,Killingbeck,bk112,1,188.72.212.238,840.0
322,323,Elayne,Fulbrook,bk106,2,57.205.137.28,840.0
323,324,Netti,Brushfield,bk110,4,110.227.1.29,840.0
324,325,Gordan,Bogges,bk104,5,43.31.26.32,840.0
325,326,Aubrie,Nyland,bk103,3,87.45.140.212,840.0
326,327,Ezekiel,Petti,bk101,5,210.65.221.26,840.0
327,328,Lorianna,Hardware,bk112,1,112.8.113.11,840.0
328,329,Kameko,Bickersteth,bk104,3,91.211.88.2,840.0
329,330,Tadio,Fernando,bk111,2,1.49.148.5,840.0
330,331,Matty,Whiting,bk103,2,36.26.76.214,840.0
331,332,Celka,Lesor,bk109,2,102.10.70.124,840.0
332,333,Brody,Imlacke,bk101,5,135.39.59.62,840.0
333,334,Bess,Hubeaux,bk104,2,110.84.18.228,840.0
334,335,Gale,Spini,bk107,2,60.199.125.188,840.0
335,336,Muhammad,Dikels,bk103,3,211.231.232.182,840.0
336,337,Tara,Rickarsey,bk101,3,170.16.70.75,840.0
337,338,Gunar,Wilfinger,bk110,5,60.176.43.180,840.0
338,339,Conrado,Napoleon,bk111,2,227.185.17.144,840.0
339,340,Rea,Chenery,bk111,5,130.102.134.151,840.0
340,341,Bunny,Farman,bk103,1,73.221.37.210,840.0
341,342,Chris,Chirm,bk103,4,128.175.247.165,840.0
342,343,Candida,Tankin,bk101,5,135.172.239.169,840.0
343,344,Axe,Davidai,bk107,1,24.203.10.43,840.0
344,345,Kailey,Weinham,bk104,1,140.25.255.173,840.0
345,346,Guss,Kornes,bk108,2,238.85.175.174,840.0
346,347,Janeva,Chilcott,bk103,3,145.49.58.178,840.0
347,348,Isidor,Brendish,bk112,5,114.125.67.241,840.0
348,349,Rani,Redon,bk107,1,83.147.101.136,840.0
349,350,Jillie,Timms,bk108,4,50.232.2.144,840.0
350,351,Holly,Mongan,bk102,3,217.15.60.249,840.0
351,352,Chloette,Fanti,bk103,5,14.105.141.118,840.0
352,353,Lamond,Bienvenu,bk112,5,53.141.16.69,840.0
353,354,Aldridge,Banstead,bk112,3,28.210.157.101,840.0
354,355,Johnette,Jeffs,bk101,4,21.131.237.155,840.0
355,356,Timmy,Gert,bk108,2,21.133.75.132,840.0
356,357,Maurie,Basnall,bk103,3,198.254.213.122,840.0
357,358,Merrie,Forten,bk107,3,41.85.194.109,840.0
358,359,Robbin,Ballard,bk102,3,162.119.119.154,840.0
359,360,Gisella,Woodes,bk101,1,242.186.82.100,840.0
360,361,Kurtis,Storck,bk112,3,217.112.47.186,840.0
361,362,Jens,Neilly,bk103,1,152.63.244.249,840.0
362,363,Lyn,Flavelle,bk104,5,129.77.3.152,840.0
363,364,Raeann,Deuss,bk107,3,68.70.73.60,840.0
364,365,Skippie,Bysaker,bk102,5,183.239.203.243,840.0
365,366,Edwina,Bollands,bk103,4,161.139.99.41,840.0
366,367,Avram,Pentony,bk112,5,110.140.34.121,840.0
367,368,Arlena,Conley,bk109,5,189.32.169.51,840.0
368,369,Dot,Cottem,bk107,1,4.53.253.178,840.0
369,370,Berty,St Ledger,bk107,1,207.52.207.5,840.0
370,371,Abbott,Durtnel,bk109,2,250.141.181.88,840.0
371,372,Paquito,Gauge,bk101,2,174.184.158.212,840.0
372,373,Ari,Sevin,bk106,2,19.60.199.30,840.0
373,374,Goldia,Wreford,bk110,4,146.111.214.59,840.0
374,375,Gardiner,Bloxsom,bk110,1,82.109.41.87,840.0
375,376,Nyssa,Hesser,bk106,5,56.104.231.171,840.0
376,377,Prudi,MacAloren,bk112,5,104.195.162.80,840.0
377,378,Caria,Elbourne,bk108,2,32.244.162.172,840.0
378,379,Dorene,Fulcher,bk109,4,1.161.11.197,840.0
379,380,Charmion,Drury,bk106,4,9.158.249.180,840.0
380,381,Tim,MacCartair,bk102,5,30.9.254.179,840.0
381,382,Willard,Bullivent,bk102,4,215.170.29.125,840.0
382,383,Logan,Brinsden,bk103,2,236.213.5.156,840.0
383,384,Claribel,Oakenfall,bk101,1,96.39.22.222,840.0
384,385,Almire,Ciccarello,bk102,1,174.218.151.249,840.0
385,386,Jay,Abrahams,bk108,1,224.167.94.250,840.0
386,387,Loretta,Ringrose,bk102,1,113.12.139.77,840.0
387,388,Stinky,Wulfinger,bk103,1,101.2.38.115,840.0
388,389,Katerina,Clulee,bk109,5,97.234.43.6,840.0
389,390,Allis,Ginger,bk111,2,21.103.112.48,840.0
390,391,Benjamin,Garlick,bk104,3,86.208.183.108,840.0
391,392,Cornell,Tilburn,bk111,4,211.231.245.134,840.0
392,393,Myrle,Kemshell,bk108,2,170.47.89.181,840.0
393,394,Benito,Kynton,bk112,5,233.220.35.192,840.0
394,395,Brandtr,Goering,bk108,2,118.24.247.10,840.0
395,396,Bibbye,Clear,bk103,5,173.250.139.158,840.0
396,397,Amata,Gellion,bk110,4,124.13.165.105,840.0
397,398,Nicolina,Fleischmann,bk101,1,118.27.53.204,840.0
398,399,Helga,Empringham,bk104,5,239.80.165.238,840.0
399,400,Hildagard,Rosborough,bk108,4,251.168.42.232,840.0
400,401,Liva,Nicolson,bk101,5,238.8.254.126,840.0
401,402,Clarita,Lehrmann,bk107,3,26.132.42.157,840.0
402,403,Dorry,Freezor,bk110,5,2.169.150.46,840.0
403,404,Borg,Abercromby,bk107,4,73.156.161.173,840.0
404,405,Livia,Greville,bk108,5,34.66.141.33,840.0
405,406,Windham,Bernardet,bk104,3,139.170.152.95,840.0
406,407,Leann,Pietruszka,bk111,4,57.29.61.97,840.0
407,408,Blondy,Hatto,bk112,4,233.174.2.170,840.0
408,409,Marchelle,Brimilcombe,bk109,3,43.159.26.45,840.0
409,410,Agosto,Coghlan,bk102,5,174.53.136.167,840.0
410,411,Willy,Dundon,bk111,1,198.52.90.219,840.0
411,412,Rebekkah,Hassen,bk103,4,65.206.195.216,840.0
412,413,Leandra,Kain,bk109,2,119.214.93.114,840.0
413,414,Violante,McIsaac,bk110,5,64.228.172.67,840.0
414,415,Renate,Waine,bk109,4,8.80.202.245,840.0
415,416,Leonhard,Jewel,bk107,5,18.0.142.198,840.0
416,417,Diann,Wesker,bk111,1,126.96.233.174,840.0
417,418,Kennan,Batter,bk104,5,169.16.127.177,840.0
418,419,Lynnet,Noot,bk102,3,140.123.114.57,840.0
419,420,Tiebout,Suffield,bk102,3,195.4.129.169,840.0
420,421,Nelle,Doram,bk109,3,75.168.137.228,840.0
421,422,Hilton,Cobbing,bk108,4,90.62.62.167,840.0
422,423,Rebecka,Auchterlony,bk104,3,129.248.8.57,840.0
423,424,Birch,Whitehead,bk103,5,57.109.68.164,840.0
424,425,Ashlen,Dionis,bk110,1,31.39.102.182,840.0
425,426,Dorthea,Magowan,bk110,5,43.19.19.65,840.0
426,427,Perl,Askey,bk109,5,74.111.149.148,840.0
427,428,Judah,Filyakov,bk111,4,189.233.214.5,840.0
428,429,Penny,Sautter,bk104,2,207.80.229.22,840.0
429,430,Ciro,Josupeit,bk106,1,167.79.85.156,840.0
430,431,Elspeth,Dougill,bk111,1,29.162.17.76,840.0
431,432,Zola,Deegan,bk106,1,177.125.47.123,840.0
432,433,Hubey,Gilardi,bk104,1,116.151.76.209,840.0
433,434,Hewitt,Derdes,bk111,4,148.147.78.24,840.0
434,435,Daile,Liddiatt,bk104,1,208.177.121.77,840.0
435,436,Shell,Merdew,bk104,5,157.79.218.47,840.0
436,437,Charles,Tottie,bk110,3,120.19.10.216,840.0
437,438,Sammie,Mallows,bk101,3,116.63.55.165,840.0
438,439,Roddie,Cuthill,bk109,1,171.73.53.180,840.0
439,440,Hale,Gallgher,bk112,2,69.165.104.112,840.0
440,441,Teriann,Bittany,bk102,2,13.31.104.193,840.0
441,442,Goraud,Crookall,bk111,2,220.75.238.94,840.0
442,443,Mord,Asplin,bk106,3,200.105.117.120,840.0
443,444,Desmond,Trickett,bk107,4,253.235.29.11,840.0
444,445,Cinderella,Moubray,bk101,5,90.146.211.241,840.0
445,446,Colline,Loffhead,bk102,1,104.203.153.127,840.0
446,447,Trudie,Rheaume,bk108,1,82.28.89.190,840.0
447,448,Theodoric,Trustram,bk108,2,202.0.214.16,840.0
448,449,Brucie,Nyssens,bk112,4,117.55.77.208,840.0
449,450,Winnah,Cory,bk106,5,205.183.61.184,840.0
450,451,Sharona,Mebes,bk102,4,101.94.175.90,840.0
451,452,Ozzy,Quan,bk106,4,222.165.24.20,840.0
452,453,Gisela,Vermer,bk106,5,45.169.54.167,840.0
453,454,Darin,Frigot,bk110,4,49.124.107.64,840.0
454,455,Kurt,Hastelow,bk101,1,201.54.7.215,840.0
455,456,Ekaterina,Schenfisch,bk104,3,0.28.140.48,840.0
456,457,Gardy,Dewdney,bk110,4,7.0.71.89,840.0
457,458,Fianna,Townrow,bk112,1,93.192.208.207,840.0
458,459,Marshall,Power,bk101,5,65.62.132.71,840.0
459,460,Leodora,Mitchener,bk106,1,81.238.25.61,840.0
460,461,Ker,Watt,bk112,4,253.59.18.9,840.0
461,462,Lawrence,Ridsdale,bk101,4,155.199.222.129,840.0
462,463,Conrado,Shurey,bk108,4,177.159.69.233,840.0
463,464,Berta,Gavozzi,bk108,4,199.251.133.223,840.0
464,465,Olivette,Gairdner,bk103,4,48.37.205.46,840.0
465,466,Candie,Freebury,bk104,5,162.149.218.23,840.0
466,467,Rowan,Olley,bk107,2,8.20.30.182,840.0
467,468,Rana,Dachey,bk110,4,251.128.101.7,840.0
468,469,Rolando,Djordjevic,bk107,1,87.71.124.158,840.0
469,470,Galven,Jessel,bk107,2,1.108.144.72,840.0
470,471,Jedediah,Osanne,bk103,4,36.40.221.152,840.0
471,472,Olive,Korpal,bk109,5,159.154.205.146,840.0
472,473,Codie,Flecknoe,bk104,5,152.101.2.205,840.0
473,474,Roxy,Figgess,bk109,4,36.3.140.197,840.0
474,475,Mirelle,Devita,bk108,1,160.87.155.21,840.0
475,476,Max,Cunnah,bk103,5,42.167.235.153,840.0
476,477,Rutter,Kemmons,bk108,4,36.57.31.70,840.0
477,478,Joscelin,Doy,bk109,4,133.59.174.174,840.0
478,479,Lezlie,Rhucroft,bk102,5,195.221.111.164,840.0
479,480,Deeanne,Beartup,bk102,2,35.237.107.95,840.0
480,481,Marcelline,Spurden,bk107,1,81.181.229.161,840.0
481,482,Karalynn,Iaduccelli,bk104,2,246.78.167.98,840.0
482,483,Sibyl,Lorimer,bk110,1,73.98.142.227,840.0
483,484,Barnebas,Sibylla,bk109,1,204.192.38.63,840.0
484,485,Jerry,Tollmache,bk106,2,147.129.193.213,840.0
485,486,Shelby,Stallworthy,bk102,3,4.69.150.6,840.0
486,487,Creigh,Josselson,bk109,3,142.44.39.83,840.0
487,488,Smitty,Birks,bk112,2,116.129.157.214,840.0
488,489,Fredrika,Lode,bk110,5,180.118.181.234,840.0
489,490,Honoria,Keyte,bk106,3,140.42.110.229,840.0
490,491,Ilsa,Downage,bk106,3,92.165.113.193,840.0
491,492,Roda,Middle,bk107,3,139.93.150.105,840.0
492,493,Christopher,Feifer,bk111,5,205.61.46.49,840.0
493,494,Briggs,Polycote,bk109,5,233.229.244.59,840.0
494,495,Burnaby,Simants,bk107,5,55.58.107.196,840.0
495,496,Konstantine,Armand,bk102,3,189.42.83.30,840.0
496,497,Erinna,Cobden,bk108,2,102.33.112.61,840.0
497,498,Cairistiona,Ranns,bk106,4,201.173.115.133,840.0
498,499,Riane,Minillo,bk109,1,134.77.202.172,840.0
499,500,Thorny,Daubney,bk101,4,193.84.91.43,840.0
500,501,Warden,Thomke,bk108,5,89.37.253.128,170.0
501,502,Calypso,Gabbot,bk102,1,211.36.243.21,170.0
502,503,Tiphani,Emmer,bk112,5,36.184.104.227,170.0
503,504,Marjorie,O'Kelly,bk110,4,48.55.16.126,170.0
504,505,Natty,Vittori,bk109,3,53.7.145.115,170.0
505,506,Gage,Klaes,bk101,3,154.120.196.117,170.0
506,507,Griff,Willgress,bk102,5,194.121.241.156,170.0
507,508,Kyle,Goathrop,bk108,5,245.199.135.177,170.0
508,509,Saunderson,Briers,bk111,3,156.253.85.116,170.0
509,510,Shayne,Sellan,bk107,1,58.163.36.221,170.0
510,511,Tallou,McDonnell,bk103,3,149.224.146.138,170.0
511,512,Carlyle,Dury,bk111,4,74.229.118.109,170.0
512,513,Adi,Adin,bk110,2,30.26.252.238,170.0
513,514,Ingeborg,Hanham,bk102,2,142.66.124.183,170.0
514,515,Elane,Ridoutt,bk112,4,58.43.161.197,170.0
515,516,Orv,Ashe,bk112,2,141.86.171.230,170.0
516,517,Natalya,Woltering,bk106,1,186.92.181.218,170.0
517,518,Cecil,Tredinnick,bk103,1,128.115.129.23,170.0
518,519,Ginnifer,Kingscote,bk104,2,107.14.108.251,170.0
519,520,Cary,Cains,bk112,2,197.101.141.194,170.0
520,521,Aggy,De la Harpe,bk108,2,205.35.147.36,170.0
521,522,Dugald,Matusevich,bk106,5,171.120.100.22,170.0
522,523,Aurel,Canet,bk102,1,242.187.246.99,170.0
523,524,Dulcy,Pilsworth,bk106,3,178.142.229.68,170.0
524,525,Dugald,Bark,bk102,4,141.183.78.200,170.0
525,526,Bibi,Lanston,bk110,1,152.167.128.18,170.0
526,527,Afton,Rosenauer,bk110,2,141.204.227.164,170.0
527,528,Karlyn,Scrogges,bk104,1,84.205.185.201,170.0
528,529,Ronda,Leijs,bk104,5,249.192.150.188,170.0
529,530,Hieronymus,Clearley,bk103,3,171.146.79.199,170.0
530,531,Pace,Tyzack,bk109,2,16.150.108.198,170.0
531,532,Tracey,Giannassi,bk102,1,120.148.89.11,170.0
532,533,Garner,Storrar,bk108,3,217.71.59.6,170.0
533,534,Jenilee,Meadowcraft,bk111,5,183.200.180.162,170.0
534,535,Desiree,Arnli,bk111,1,72.201.208.188,170.0
535,536,Cornelius,Prime,bk112,5,157.70.117.26,170.0
536,537,Catriona,Szymanzyk,bk103,4,154.91.166.31,170.0
537,538,Tucker,Stearn,bk111,5,89.196.204.126,170.0
538,539,Inga,Woolacott,bk107,3,113.158.242.250,170.0
539,540,Monika,Studdal,bk109,5,9.76.234.227,170.0
540,541,Kylie,Vasilchenko,bk107,1,193.69.167.123,170.0
541,542,Valry,Edelheit,bk111,4,151.73.50.101,170.0
542,543,Luca,Sissland,bk111,3,202.44.254.240,170.0
543,544,Babb,Arnoud,bk103,2,128.88.8.76,170.0
544,545,Myranda,Shilvock,bk102,3,103.216.155.65,170.0
545,546,Hussein,Walder,bk107,2,67.138.98.61,170.0
546,547,Sherwynd,Jancy,bk103,5,12.121.146.45,170.0
547,548,Hort,MacDowal,bk107,3,94.28.242.204,170.0
548,549,Rad,Pepper,bk112,4,217.42.175.165,170.0
549,550,Pansy,Rowlin,bk109,2,156.141.32.215,170.0
550,551,Valentino,Reedman,bk101,1,106.15.254.43,170.0
551,552,Renee,Teers,bk109,4,22.12.182.54,170.0
552,553,Bailey,Hoston,bk112,2,80.206.137.201,170.0
553,554,Shalna,Alcalde,bk103,2,131.208.142.222,170.0
554,555,Ogden,Gurry,bk101,5,167.86.245.180,170.0
555,556,Megen,Mozzetti,bk110,2,9.130.237.42,170.0
556,557,Jillene,Grestye,bk103,5,78.254.208.111,170.0
557,558,Shelby,Giovannacci,bk111,2,165.253.240.193,170.0
558,559,Kalle,Plait,bk107,4,142.196.238.186,170.0
559,560,Sianna,Attack,bk107,1,85.166.158.23,170.0
560,561,Moselle,Peotz,bk107,1,229.7.205.214,170.0
561,562,Clemmie,Chaimson,bk107,2,32.50.0.52,170.0
562,563,Rockwell,Nand,bk102,3,37.233.200.188,170.0
563,564,Gennie,Carvil,bk110,2,99.82.20.142,170.0
564,565,Roze,Schwandermann,bk112,5,213.216.147.81,170.0
565,566,Christian,Cothey,bk111,3,119.204.158.125,170.0
566,567,Dorelle,Gisburn,bk101,2,42.109.32.210,170.0
567,568,Andeee,O'Neil,bk110,1,221.223.88.170,170.0
568,569,Pablo,Jakuszewski,bk108,1,30.24.132.44,170.0
569,570,Craig,Patek,bk107,1,66.13.208.212,170.0
570,571,Nappy,Bener,bk102,5,78.153.202.169,170.0
571,572,Antony,Stollen,bk110,3,243.78.115.52,170.0
572,573,Rhianon,Prys,bk102,5,116.93.202.189,170.0
573,574,Vincents,Gilmartin,bk109,2,163.157.11.184,170.0
574,575,Amie,Tucker,bk101,5,127.147.201.22,170.0
575,576,Mathe,Kinvan,bk112,2,109.14.90.138,170.0
576,577,Portie,Jinkins,bk112,5,158.253.73.61,170.0
577,578,Donal,Dumper,bk103,4,31.81.16.22,170.0
578,579,Gustave,Potier,bk106,2,203.167.120.170,170.0
579,580,Sianna,Taleworth,bk110,1,239.178.67.88,170.0
580,581,Savina,Spohrmann,bk110,5,247.210.246.241,170.0
581,582,Hildagarde,Giacopello,bk108,5,36.155.91.78,170.0
582,583,Vivyan,Ramsey,bk104,3,163.9.159.35,170.0
583,584,Irita,Daout,bk112,4,150.166.119.241,170.0
584,585,Omar,Winspar,bk107,2,189.65.136.247,170.0
585,586,Padraic,Wank,bk102,4,238.101.238.70,170.0
586,587,Roma,Dunan,bk109,3,50.32.245.14,170.0
587,588,Estevan,Willson,bk101,1,162.110.140.123,170.0
588,589,Kylen,Kilius,bk104,2,235.99.42.225,170.0
589,590,Maura,Jenken,bk104,5,52.143.218.127,170.0
590,591,Melody,Brockett,bk111,4,206.99.52.95,170.0
591,592,Bendix,Meardon,bk104,4,242.175.149.116,170.0
592,593,Merl,Rillett,bk101,1,203.69.43.46,170.0
593,594,Annabella,Dhennin,bk104,1,182.47.143.212,170.0
594,595,Angelika,Buller,bk103,4,31.243.250.214,170.0
595,596,Claudian,Worrell,bk110,3,4.62.164.51,170.0
596,597,Cheston,Tidswell,bk109,5,173.233.198.92,170.0
597,598,Maurizia,Nickerson,bk107,4,66.110.152.37,170.0
598,599,Hugo,Torbard,bk106,1,209.149.185.7,170.0
599,600,Margit,Pervew,bk109,2,63.174.120.51,170.0
600,601,Cindelyn,Gorgler,bk109,5,47.134.214.183,170.0
601,602,Godard,Flewin,bk102,5,193.239.115.50,840.0
602,603,Kassey,Awcoate,bk104,5,3.119.185.43,840.0
603,604,Carl,Wynne,bk104,5,4.124.86.252,840.0
604,605,Dix,McGurn,bk103,4,26.219.18.203,840.0
605,606,Karlik,Scrinage,bk104,5,203.67.186.153,840.0
606,607,Tiphanie,Gundrey,bk112,2,78.143.61.45,840.0
607,608,Sheila,Malecky,bk103,2,202.172.151.183,840.0
608,609,Filippa,Bulcock,bk101,3,251.32.178.224,840.0
609,610,Buck,Cecil,bk112,5,203.52.20.99,840.0
610,611,Byran,Fend,bk108,1,240.116.32.152,840.0
611,612,Cathy,Staples,bk111,2,224.106.39.4,840.0
612,613,Madelyn,Sharper,bk107,4,23.98.11.145,840.0
613,614,Konstantine,Langstone,bk110,5,226.249.115.210,840.0
614,615,Zorina,Edge,bk103,5,199.37.67.111,840.0
615,616,Noe,Burne,bk109,5,7.153.11.137,840.0
616,617,Hatti,Fidelus,bk106,5,163.68.129.107,840.0
617,618,Mordy,Rigard,bk110,1,229.107.137.24,840.0
618,619,Daven,Vickers,bk109,1,35.89.221.100,840.0
619,620,Hanna,Ellaman,bk110,4,146.129.66.121,840.0
620,621,Krystal,Franchyonok,bk111,3,127.197.25.33,840.0
621,622,Dolley,Cornborough,bk108,1,71.178.247.169,840.0
622,623,Bonnee,Clemenson,bk106,1,218.123.169.198,840.0
623,624,Madelina,Martellini,bk101,5,129.44.127.205,840.0
624,625,Enrika,Cowans,bk102,4,145.121.247.147,840.0
625,626,Jim,Whyborn,bk110,1,45.104.61.131,840.0
626,627,Tybalt,Pressnell,bk108,2,150.116.129.248,840.0
627,628,Adah,Cotter,bk108,3,56.204.17.200,840.0
628,629,Celestyn,Chrisp,bk101,5,128.176.92.54,840.0
629,630,Filberte,Loffhead,bk112,1,164.224.251.55,840.0
630,631,Doroteya,Oneill,bk101,1,47.138.158.115,840.0
631,632,Gabi,Arman,bk103,1,47.239.201.100,840.0
632,633,Ambros,Petti,bk109,5,252.207.140.188,840.0
633,634,Essa,Eggleson,bk112,3,63.139.229.22,840.0
634,635,Frans,Duggleby,bk109,5,215.24.228.203,840.0
635,636,Patrice,Costain,bk101,1,180.25.174.110,840.0
636,637,Dynah,Austin,bk109,4,177.54.86.232,840.0
637,638,Jordana,Edgson,bk110,1,154.155.92.187,840.0
638,639,Emilie,Brandsma,bk103,5,93.206.134.37,840.0
639,640,Karlee,Wellings,bk106,1,113.138.94.74,840.0
640,641,Margi,Dysert,bk111,5,193.97.10.3,840.0
641,642,Fields,Heritege,bk101,5,222.117.81.100,840.0
642,643,Syd,Kiddye,bk112,4,187.90.155.91,840.0
643,644,Matthaeus,Terbeck,bk112,5,251.149.117.202,840.0
644,645,Marchall,Arboin,bk106,1,36.142.195.15,840.0
645,646,Shaine,Arthur,bk112,4,43.114.158.195,840.0
646,647,Jeri,Bartelli,bk110,5,204.130.166.191,840.0
647,648,Eleanora,MacDunlevy,bk107,4,244.248.133.187,840.0
648,649,Mackenzie,Bedbrough,bk110,1,51.231.153.113,840.0
649,650,Humberto,Cariss,bk104,3,112.177.56.14,840.0
650,651,Lydon,Ducker,bk101,1,34.144.144.43,840.0
651,652,Estel,Dikles,bk106,1,48.94.76.106,840.0
652,653,Mahalia,Sprey,bk103,3,181.63.64.7,840.0
653,654,Homerus,Agget,bk110,2,19.207.214.164,840.0
654,655,Zacharie,Mouncher,bk107,4,19.154.223.149,840.0
655,656,Demetra,Kerford,bk112,1,121.10.69.120,840.0
656,657,Cloris,Spraging,bk110,4,77.196.22.142,840.0
657,658,Beverley,Noteyoung,bk102,1,57.71.108.92,840.0
658,659,Tonie,Doggrell,bk111,5,78.130.133.140,840.0
659,660,Randy,Hesey,bk104,5,119.10.249.150,840.0
660,661,Cyrill,Dugall,bk108,3,181.35.60.176,840.0
661,662,Wade,Gavey,bk101,1,243.171.32.223,840.0
662,663,Even,Brockest,bk104,3,73.67.161.154,840.0
663,664,Ximenes,Belhomme,bk112,1,221.81.182.248,840.0
664,665,Ezra,Jurgenson,bk109,4,212.251.7.43,840.0
665,666,Tildy,Frost,bk109,2,165.59.113.35,840.0
666,667,Norman,Collingham,bk107,2,128.152.46.242,840.0
667,668,Zorah,Obeney,bk109,1,132.109.102.75,840.0
668,669,Banky,Durrell,bk111,2,148.219.144.155,840.0
669,670,Davita,Wheldon,bk112,3,230.197.68.30,840.0
670,671,Delly,Humes,bk104,1,89.5.63.8,840.0
671,672,Fonsie,Wadlow,bk106,4,32.245.204.9,840.0
672,673,Verne,MacKettrick,bk112,3,126.132.185.220,840.0
673,674,Benedetta,Spilsbury,bk111,5,93.220.3.68,840.0
674,675,Nichols,Ongin,bk110,1,203.166.98.110,840.0
675,676,Hermann,Pedel,bk110,4,248.93.23.81,840.0
676,677,Haze,Livings,bk103,4,156.98.35.105,840.0
677,678,Juli,Enderby,bk112,1,129.158.103.238,840.0
678,679,Charis,Quaife,bk108,2,8.56.223.154,840.0
679,680,Bibi,Harse,bk103,5,186.77.39.33,840.0
680,681,Rand,Aggs,bk103,4,104.21.250.95,840.0
681,682,Emmalee,Fer,bk104,3,118.49.96.153,840.0
682,683,Katti,Gloy,bk102,4,146.130.37.15,840.0
683,684,Alfons,Bodechon,bk109,4,95.1.166.235,840.0
684,685,Alys,Harnor,bk102,2,151.134.30.194,840.0
685,686,Clementine,Blesdill,bk109,3,139.31.189.176,840.0
686,687,Gabi,Crowdy,bk107,3,37.245.153.247,840.0
687,688,Ives,MacBean,bk111,2,144.14.115.109,840.0
688,689,Granger,Garlett,bk103,3,209.255.233.221,840.0
689,690,Olva,Foss,bk112,1,252.80.243.180,840.0
690,691,Marys,MacArdle,bk108,3,124.7.74.105,840.0
691,692,Aeriell,Margarson,bk108,2,115.21.114.57,840.0
692,693,Lynn,Dallon,bk104,1,175.139.183.160,840.0
693,694,Brett,Bergen,bk102,5,130.187.24.203,840.0
694,695,Evangelia,Husher,bk110,4,186.164.25.106,840.0
695,696,Dwain,Kolakowski,bk112,1,233.27.167.2,840.0
696,697,Joanne,Preddy,bk109,4,217.178.36.175,840.0
697,698,Vito,Legging,bk109,4,43.42.123.74,840.0
698,699,Lissie,Robbe,bk110,5,52.70.77.34,840.0
699,700,Giordano,Harcarse,bk110,5,139.194.47.204,840.0
700,701,Gray,Yeld,bk107,5,155.5.175.168,124.0
701,702,Teddy,Wyllt,bk103,2,157.144.55.75,124.0
702,703,Alec,Frenzl,bk104,2,25.173.207.72,124.0
703,704,Sibylle,Williment,bk109,1,119.129.193.51,124.0
704,705,Jennie,Gomer,bk107,1,94.109.67.9,124.0
705,706,Vanda,Tuffrey,bk103,3,161.107.33.144,124.0
706,707,Arni,Perigoe,bk102,1,46.7.199.194,124.0
707,708,Ursulina,Shorrock,bk104,1,183.218.149.46,124.0
708,709,Norris,Wolverson,bk103,2,250.218.57.243,124.0
709,710,Abbe,Perfili,bk101,5,170.97.145.147,124.0
710,711,Baxy,Abrahart,bk102,1,170.123.89.84,124.0
711,712,Buiron,Mulcaster,bk106,2,76.0.164.104,124.0
712,713,Ty,Sorey,bk102,1,142.244.95.223,124.0
713,714,Suzann,Dwyr,bk108,4,8.179.54.33,124.0
714,715,Hildegaard,Treby,bk102,4,82.147.210.65,124.0
715,716,Leesa,Jewett,bk112,3,2.97.171.118,124.0
716,717,Jasmin,Pickaver,bk109,1,171.254.79.150,124.0
717,718,Rosabelle,Methuen,bk101,5,31.57.140.151,124.0
718,719,Estrella,Breslauer,bk104,5,74.252.7.201,124.0
719,720,Aloise,Risbrough,bk112,1,9.146.4.197,124.0
720,721,Wallis,McGahern,bk103,3,211.11.93.2,124.0
721,722,Yolanthe,Redwin,bk109,1,254.44.86.114,124.0
722,723,Augustus,Mulheron,bk102,1,195.239.244.168,124.0
723,724,Rudolf,Jacomb,bk107,4,182.93.52.82,124.0
724,725,Lianna,Candelin,bk110,3,101.158.146.42,124.0
725,726,Lina,Lemery,bk110,3,96.85.11.46,124.0
726,727,Fergus,Pigdon,bk103,2,64.29.226.215,124.0
727,728,Sabine,Duddan,bk109,2,132.122.203.93,124.0
728,729,Ardella,Shoppee,bk103,2,108.94.248.52,124.0
729,730,Roosevelt,Oxherd,bk108,1,116.97.124.248,124.0
730,731,Skye,Tunnicliff,bk102,1,184.204.249.133,124.0
731,732,Norean,Fitch,bk112,1,148.37.215.18,124.0
732,733,Agnesse,Beebis,bk111,4,190.253.182.199,124.0
733,734,Wilton,Collingworth,bk107,3,100.110.58.182,124.0
734,735,Emmaline,Claye,bk104,3,48.55.145.244,124.0
735,736,Aguie,Lowres,bk104,5,220.83.71.220,124.0
736,737,Christos,Beaney,bk107,2,173.50.223.239,124.0
737,738,Randall,Walenta,bk111,4,98.127.228.224,124.0
738,739,Alyse,Blanchard,bk108,2,156.54.198.98,124.0
739,740,Elisha,Cowderay,bk111,1,93.63.7.41,124.0
740,741,Jenilee,Skehan,bk107,2,37.3.230.185,124.0
741,742,Maryann,Longworth,bk104,4,54.92.81.81,124.0
742,743,Rutter,Hazard,bk103,1,176.114.183.101,124.0
743,744,Mikaela,Hagwood,bk112,3,117.255.3.158,124.0
744,745,Willie,Menichelli,bk104,5,179.86.148.10,124.0
745,746,Adelheid,Di Francesco,bk111,3,79.19.203.244,124.0
746,747,Leshia,Rohlfs,bk106,2,149.234.74.250,124.0
747,748,Caril,Bricket,bk110,5,92.234.52.38,124.0
748,749,Tamma,Sprade,bk106,5,204.116.8.84,124.0
749,750,Madelina,Szantho,bk111,5,234.75.19.93,124.0
750,751,Birdie,Trotter,bk111,2,135.176.55.112,124.0
751,752,Ricardo,Pattesall,bk109,2,22.55.75.204,124.0
752,753,Mathias,Drayn,bk103,3,11.45.38.118,124.0
753,754,Ania,Kinman,bk112,1,110.79.1.88,124.0
754,755,Penny,Keay,bk104,2,33.29.229.148,124.0
755,756,Clemente,Cleyne,bk111,1,60.238.22.143,124.0
756,757,Cammy,Warlow,bk106,3,174.41.28.249,124.0
757,758,Illa,Iwanczyk,bk104,3,0.5.197.219,124.0
758,759,Thor,Nevinson,bk110,5,11.79.253.225,124.0
759,760,Fionnula,Carhart,bk102,3,227.206.218.41,124.0
760,761,Adria,Somers,bk107,4,226.113.9.249,124.0
761,762,Tanya,Castelluzzi,bk107,1,18.16.142.192,124.0
762,763,Myrtia,Jewes,bk107,3,122.226.124.235,124.0
763,764,Luke,Kent,bk106,1,2.73.228.99,124.0
764,765,Benji,Gogarty,bk107,2,50.7.252.80,124.0
765,766,Erasmus,Kobpal,bk102,3,106.147.62.6,124.0
766,767,Irvin,Le Marchant,bk103,3,234.49.160.117,124.0
767,768,Gilemette,Lucian,bk101,3,205.248.99.220,124.0
768,769,Florian,Scotfurth,bk107,1,200.217.230.86,124.0
769,770,Thorstein,Shakelady,bk107,5,31.6.71.137,124.0
770,771,Chrisse,Ingrem,bk104,4,195.177.39.246,124.0
771,772,Sharl,Calterone,bk104,5,7.166.82.67,124.0
772,773,Kacie,Ferrettino,bk103,1,145.98.202.233,124.0
773,774,Marta,Jakobsson,bk111,4,123.44.9.146,124.0
774,775,Alidia,Brumwell,bk101,4,251.176.31.101,124.0
775,776,Jeana,Kalinke,bk104,2,240.110.192.220,124.0
776,777,Iver,Sabine,bk112,2,121.247.231.241,124.0
777,778,Ara,Loude,bk107,5,41.35.155.84,124.0
778,779,Marget,Vicarey,bk106,3,81.200.66.27,124.0
779,780,Sigfrid,Holt,bk110,3,181.181.128.174,124.0
780,781,Aretha,Bulman,bk109,4,250.141.161.146,124.0
781,782,Junette,Argent,bk104,2,182.185.122.129,124.0
782,783,Candy,Eblein,bk102,5,206.221.78.110,124.0
783,784,Hedwig,Redwood,bk111,4,190.27.102.124,124.0
784,785,Dot,Bothram,bk110,3,173.8.202.131,124.0
785,786,Jenilee,Edgington,bk106,4,100.170.110.146,124.0
786,787,Marty,Cussons,bk108,2,194.99.193.126,124.0
787,788,Zsazsa,Leachman,bk108,2,58.113.146.181,124.0
788,789,Catherin,Tinklin,bk111,4,159.23.27.244,124.0
789,790,Ruth,Hanvey,bk108,1,62.86.98.252,124.0
790,791,Hyacintha,Tolan,bk112,4,134.230.118.236,124.0
791,792,Wilden,Gemson,bk101,3,252.50.79.183,124.0
792,793,Waneta,Oven,bk110,1,251.139.59.36,124.0
793,794,Blinny,Samwaye,bk101,5,15.187.166.245,124.0
794,795,Raine,Curnock,bk109,5,150.117.220.174,124.0
795,796,Carmella,Perkin,bk111,5,170.97.17.87,124.0
796,797,Cosimo,Bourdis,bk102,5,56.122.120.107,124.0
797,798,Jerry,Haughey,bk103,3,160.150.248.100,124.0
798,799,Scottie,Hunte,bk101,5,234.90.182.97,124.0
799,800,Ronny,Klewer,bk108,1,142.12.1.195,124.0
800,801,Tynan,Cato,bk110,3,35.97.124.152,124.0
801,802,Nevsa,Weekly,bk104,5,170.204.134.97,124.0
802,803,Timmi,Kincade,bk107,3,55.238.86.58,124.0
803,804,Imogen,McKeran,bk110,4,168.232.10.100,124.0
804,805,Adore,Regis,bk110,4,62.125.146.57,124.0
805,806,Goldina,Jude,bk102,1,46.218.97.69,124.0
806,807,Eliot,Foxten,bk104,3,149.247.23.194,124.0
807,808,Kerk,Codi,bk102,5,110.146.45.8,124.0
808,809,Chrystal,Aartsen,bk112,4,235.84.169.140,124.0
809,810,Chase,Stronack,bk102,4,218.164.158.18,124.0
810,811,Donnamarie,Bevir,bk104,1,186.222.99.5,124.0
811,812,Say,Brumby,bk109,1,208.69.208.125,124.0
812,813,Maridel,Boor,bk104,3,80.134.213.78,124.0
813,814,Rabbi,Rupprecht,bk109,3,53.221.150.170,124.0
814,815,Hilde,Elfleet,bk109,1,15.180.132.103,124.0
815,816,Vevay,Tsar,bk106,3,13.51.135.84,124.0
816,817,Farleigh,Ellul,bk103,5,168.231.46.123,124.0
817,818,Konstanze,Henriet,bk107,2,25.81.72.30,124.0
818,819,Donnie,Growy,bk102,5,212.253.153.128,124.0
819,820,Herbie,Scay,bk102,3,149.249.63.227,124.0
820,821,Archie,Piele,bk107,4,253.35.94.6,124.0
821,822,Camile,Franzke,bk111,5,229.30.216.42,124.0
822,823,Hansiain,Sidney,bk103,1,223.101.197.95,124.0
823,824,Norine,O'Shaughnessy,bk110,5,120.175.117.183,124.0
824,825,Rollie,Creebo,bk108,2,254.56.96.52,124.0
825,826,Bellina,Pawsey,bk103,5,67.83.104.232,124.0
826,827,Christiano,Maceur,bk106,3,62.47.164.102,124.0
827,828,Harland,McPhillips,bk102,4,113.68.214.149,124.0
828,829,Mariellen,Odby,bk110,2,192.91.64.92,124.0
829,830,Tara,Pilmoor,bk108,1,161.136.172.188,124.0
830,831,Mariele,Melan,bk111,5,22.49.165.94,124.0
831,832,Karola,Waterhous,bk109,2,252.41.155.77,124.0
832,833,Sherline,Dwine,bk106,5,5.75.82.127,124.0
833,834,Edwin,Measen,bk109,4,44.231.95.228,124.0
834,835,Katerina,Bicheno,bk110,1,167.249.145.120,124.0
835,836,Angeli,Van der Spohr,bk103,1,228.4.228.81,124.0
836,837,Perri,Greste,bk111,2,80.233.183.28,124.0
837,838,Zarla,Casassa,bk110,3,138.160.196.145,124.0
838,839,Georgine,Elster,bk109,2,183.57.181.254,124.0
839,840,Karlotta,Grisbrook,bk106,4,233.233.21.78,124.0
840,841,Doria,Leguay,bk109,1,113.41.146.157,124.0
841,842,Franciskus,Gouldbourn,bk111,4,183.120.56.120,124.0
842,843,Alfonso,Simioli,bk101,4,186.81.211.79,124.0
843,844,Randa,Oughton,bk108,2,156.237.148.76,124.0
844,845,Oren,MacCallister,bk109,4,214.13.146.28,124.0
845,846,Hubey,Trussell,bk104,2,68.130.92.168,124.0
846,847,Imogen,Willford,bk110,4,140.210.26.50,124.0
847,848,Caresa,Cuffley,bk111,4,207.77.252.200,124.0
848,849,Neely,Tracey,bk101,3,247.127.234.102,124.0
849,850,Emmalee,Rozalski,bk104,2,235.154.5.178,124.0
850,851,Donia,Davisson,bk110,4,84.162.194.105,124.0
851,852,Kaila,Hixson,bk110,1,8.88.55.78,124.0
852,853,Rudolph,Rawlins,bk108,4,137.31.138.199,124.0
853,854,Bil,Broadley,bk111,1,198.173.96.191,124.0
854,855,Novelia,Seager,bk110,3,199.254.30.49,124.0
855,856,Sula,Wilbraham,bk104,1,31.155.86.112,124.0
856,857,Stefano,Porte,bk109,1,135.231.130.171,124.0
857,858,Jolene,Andersen,bk102,5,74.187.185.146,124.0
858,859,Demetris,Macy,bk104,5,10.8.168.89,124.0
859,860,Millie,Stallion,bk103,2,253.219.122.73,124.0
860,861,Devina,Van Oord,bk101,3,155.87.166.204,124.0
861,862,Wildon,Lillistone,bk107,3,143.140.0.29,124.0
862,863,Kristina,Goddman,bk106,5,24.187.96.215,124.0
863,864,Daryl,Ianniello,bk103,2,155.135.181.77,124.0
864,865,Page,Earles,bk107,5,78.62.129.22,124.0
865,866,Vinson,Pomphrett,bk104,3,213.134.199.103,124.0
866,867,Adrianne,Hawson,bk107,3,48.160.107.19,124.0
867,868,Che,Broune,bk104,1,160.252.107.143,124.0
868,869,Gertrude,Stannas,bk104,1,162.199.247.72,124.0
869,870,Cam,Atherton,bk104,3,87.20.184.141,124.0
870,871,Obie,Niblo,bk112,5,153.122.119.199,124.0
871,872,Nancie,Aubery,bk106,3,255.230.81.174,124.0
872,873,Nicky,Barkshire,bk102,5,12.82.77.93,124.0
873,874,Vere,Forty,bk109,4,84.153.167.192,124.0
874,875,Lynna,Shelliday,bk111,3,99.69.125.149,124.0
875,876,Rosana,Nudd,bk102,2,202.59.239.245,124.0
876,877,Maurine,Klimochkin,bk102,5,205.106.227.226,124.0
877,878,Ludovico,Seage,bk110,2,224.18.163.37,124.0
878,879,Ilse,Bhatia,bk101,5,203.98.164.18,124.0
879,880,Nonnah,Darbyshire,bk102,1,229.26.195.66,124.0
880,881,Walsh,Urlin,bk108,5,134.9.206.248,124.0
881,882,Emma,Tant,bk110,4,86.89.208.107,124.0
882,883,Benedicta,Oman,bk102,3,112.188.146.133,124.0
883,884,Linnie,Charles,bk104,1,196.248.156.224,124.0
884,885,Goober,Sabine,bk107,3,14.216.249.226,124.0
885,886,Farlay,Flatt,bk111,5,38.84.65.41,124.0
886,887,Michaela,Nurse,bk101,4,132.104.149.4,124.0
887,888,Babette,Jillett,bk110,3,132.41.51.95,124.0
888,889,Madeleine,Guerola,bk102,4,7.232.90.197,124.0
889,890,Chucho,Gemlett,bk102,5,104.173.83.249,124.0
890,891,Sydelle,Roussell,bk112,4,223.61.102.67,124.0
891,892,Manolo,Boseley,bk108,4,92.183.170.171,124.0
892,893,Angeli,Rymer,bk101,3,185.123.88.168,124.0
893,894,Bonni,Josefsson,bk107,1,50.5.234.61,124.0
894,895,Ortensia,Curgenuer,bk102,4,210.48.127.212,124.0
895,896,Genny,Goodger,bk110,1,137.199.42.143,124.0
896,897,Alverta,Elletson,bk102,3,240.28.54.202,124.0
897,898,Starla,Vamplers,bk102,3,221.78.44.233,124.0
898,899,Ulrike,Simonian,bk103,5,72.83.207.200,124.0
899,900,Rogerio,Alban,bk112,1,136.70.245.49,124.0
900,901,Elfrieda,Eland,bk106,2,135.45.57.134,124.0
901,902,Judah,Pinnock,bk107,4,42.25.26.130,840.0
902,903,Selig,Notton,bk108,2,6.243.57.246,840.0
903,904,Lazaro,Ovid,bk102,2,250.219.150.237,840.0
904,905,Vanessa,Greiser,bk103,2,11.153.141.23,840.0
905,906,Marketa,Povah,bk110,1,63.60.204.7,840.0
906,907,Lynette,Quinn,bk102,2,40.56.55.86,840.0
907,908,Cary,Castano,bk103,2,123.129.40.140,840.0
908,909,Lucio,Wallicker,bk107,3,98.48.126.118,840.0
909,910,Brannon,Jolin,bk106,4,197.33.239.106,840.0
910,911,Ellie,Boynton,bk109,2,11.160.2.15,840.0
911,912,Izaak,Pennoni,bk108,4,130.180.243.249,840.0
912,913,Anneliese,Pendleberry,bk104,2,230.231.172.222,840.0
913,914,Ikey,Dorgon,bk106,3,194.219.29.55,840.0
914,915,Francesca,Erskine Sandys,bk112,5,150.93.224.136,840.0
915,916,Lyssa,Curwen,bk111,5,129.170.41.125,840.0
916,917,Cecil,Deakins,bk101,3,124.202.102.73,840.0
917,918,Harriot,Hakewell,bk102,1,95.180.123.12,840.0
918,919,Elwira,Penlington,bk111,1,203.214.129.142,840.0
919,920,Alvin,Caramuscia,bk102,5,183.78.188.216,840.0
920,921,Roderich,Aleavy,bk111,2,250.22.123.120,840.0
921,922,Kinnie,Lynthal,bk107,1,83.100.216.113,840.0
922,923,Alicia,De Francesco,bk101,5,35.136.32.164,840.0
923,924,Rikki,Ennew,bk107,2,162.151.73.107,840.0
924,925,Bobbe,Farnan,bk111,4,3.75.65.13,840.0
925,926,Ronny,McTrustrie,bk108,1,190.225.152.215,840.0
926,927,Ingmar,Rings,bk104,3,250.143.158.178,840.0
927,928,Jaclyn,Stanborough,bk104,5,85.154.119.16,840.0
928,929,Clem,Hemmingway,bk103,2,22.50.222.36,840.0
929,930,Consuelo,Fernely,bk102,3,251.132.199.180,840.0
930,931,Fulton,Jore,bk110,1,249.122.114.189,840.0
931,932,Cris,Benedikt,bk104,5,237.43.228.133,840.0
932,933,Desirae,Tremayne,bk101,2,154.189.71.95,840.0
933,934,Gui,Twiggs,bk111,4,169.79.115.227,840.0
934,935,Hewie,Hicken,bk101,3,152.116.119.126,840.0
935,936,Alain,Kinson,bk112,1,168.81.220.255,840.0
936,937,Pavia,Dudill,bk106,3,88.72.108.5,840.0
937,938,Emery,Chinn,bk103,4,84.62.76.111,840.0
938,939,Cooper,McCurrie,bk102,1,64.77.241.83,840.0
939,940,Shay,Grinval,bk108,3,96.25.60.80,840.0
940,941,Joleen,Davidovic,bk107,4,58.92.143.53,840.0
941,942,Jan,Emblow,bk109,4,75.72.100.73,840.0
942,943,Felix,Waugh,bk104,5,246.204.37.127,840.0
943,944,Josselyn,Grioli,bk110,5,226.134.209.226,840.0
944,945,Beauregard,Jansema,bk111,4,190.152.106.104,840.0
945,946,Thacher,Jerosch,bk111,2,118.2.125.219,840.0
946,947,Rodolphe,Liley,bk103,1,205.247.56.183,840.0
947,948,Hertha,McWhin,bk106,2,227.230.168.207,840.0
948,949,Riva,Goodnow,bk106,2,61.134.121.207,840.0
949,950,Halley,Brunet,bk112,2,110.194.33.235,840.0
950,951,Ginevra,Mullany,bk103,2,194.199.47.5,840.0
951,952,Dede,Readwin,bk104,5,96.228.239.127,840.0
952,953,Alikee,Batecok,bk104,5,33.20.91.51,840.0
953,954,Zacharie,Bigadike,bk108,2,17.249.21.87,840.0
954,955,Conchita,Shoorbrooke,bk104,4,249.250.44.18,840.0
955,956,Maura,Brisbane,bk107,2,118.17.28.165,840.0
956,957,Leonie,Baddam,bk108,1,24.110.97.197,840.0
957,958,Ingamar,Tame,bk111,2,132.88.233.47,840.0
958,959,Blondell,Dowson,bk106,4,116.139.54.48,840.0
959,960,Alano,Brixham,bk104,2,114.164.58.185,840.0
960,961,Harli,Chapelhow,bk109,5,101.230.200.126,840.0
961,962,Andros,Reubbens,bk103,1,47.111.124.12,840.0
962,963,Kirby,Dobbings,bk106,5,174.80.69.230,840.0
963,964,Lib,Corona,bk112,4,45.216.167.91,840.0
964,965,Reube,Jacobson,bk107,4,7.219.65.224,840.0
965,966,Hillel,Finey,bk110,2,98.112.29.28,840.0
966,967,Emilia,Jocelyn,bk102,2,177.243.157.160,840.0
967,968,Kylie,Swaine,bk111,1,220.242.179.231,840.0
968,969,Barnard,Cuppitt,bk107,2,205.232.30.99,840.0
969,970,Tallie,Harrowell,bk106,5,31.79.247.83,840.0
970,971,Dora,Gowling,bk103,3,83.214.14.29,840.0
971,972,Jaimie,Berryann,bk111,2,71.209.18.63,840.0
972,973,Perren,Jacmar,bk112,2,147.81.57.65,840.0
973,974,Darb,McCrudden,bk104,4,114.145.200.50,840.0
974,975,Merla,Tropman,bk106,1,46.155.56.23,840.0
975,976,Deina,Enderle,bk109,4,239.9.136.232,840.0
976,977,Orelia,Glancy,bk107,2,179.174.154.50,840.0
977,978,Hervey,Scholler,bk110,4,55.53.186.175,840.0
978,979,Rod,Bengtsson,bk110,5,22.72.181.91,840.0
979,980,Mahmoud,Bloys,bk102,3,74.155.194.189,840.0
980,981,Gunner,Grief,bk111,4,85.103.138.75,840.0
981,982,Peta,Whysall,bk110,5,82.111.119.172,840.0
982,983,Antonietta,Tivolier,bk102,5,69.58.208.81,840.0
983,984,Julian,Knowlys,bk107,1,115.60.15.22,840.0
984,985,Alejandrina,Gaylord,bk111,4,26.32.38.25,840.0
985,986,Frayda,Spalls,bk110,1,218.184.77.88,840.0
986,987,Willy,Scandwright,bk111,5,9.228.28.172,840.0
987,988,Cassi,Jerrand,bk102,3,27.82.200.186,840.0
988,989,Ilse,Beeho,bk112,2,52.186.7.59,840.0
989,990,Andrea,Luipold,bk104,1,155.114.102.35,840.0
990,991,Collie,Pyzer,bk101,4,14.178.223.111,840.0
991,992,Janeen,Mongin,bk107,5,182.181.133.71,840.0
992,993,Georgeanna,Tireman,bk101,2,142.164.86.73,840.0
993,994,Carie,Esley,bk104,5,163.66.109.49,840.0
994,995,Glenda,Piniur,bk109,2,34.139.187.246,840.0
995,996,Aldus,Shelliday,bk110,5,118.0.203.150,840.0
996,997,Elsie,Widdup,bk111,4,227.225.147.119,840.0
997,998,Russ,Perford,bk112,3,7.62.211.244,840.0
998,999,Rorie,Fitch,bk112,1,169.234.34.236,840.0
999,1000,Ingunna,Iacopini,bk111,3,221.102.64.123,840.0
